Company,Price,Change
,429.78,(-0.28%)
,429.78,(-0.28%)
,,
,,
,,
,,
,,
,,
,"6,046.7544,747.5319,439.802,422.1369.922,670.9062.5570.4755.6723.74114.2572.2257.1137.6020.466.8141.55139.2622.6969.994.760069.984.715023.5770.255.48",(-0.01%)(-0.08%)(+0.18%)(-0.49%)(+2.67%)(+0.47%)(+55.67%)(+47.45%)(+15.28%)(+14.08%)(+10.50%)(-15.18%)(-9.26%)(-8.19%)(-7.96%)(-6.72%)(-1.07%)(+0.45%)(-5.20%)(+5.42%)(+8.18%)(+5.40%)(+7.16%)(+3.83%)(+46.93%)(+192.51%)
,,
,,
,206.84,(-0.68%)
,206.84,(-0.68%)
,,
,,
,,
,,
,,
,,
,"5,719.0241,849.0318,222.432,231.1171.552,746.7020.62150.2538.0729.43117.0637.7985.9736.20231.9328.91137.711.79002.490026.2932.2767.72232.2140.1241.73440.97",(-0.17%)(-0.48%)(-0.10%)(+0.95%)(+2.96%)(-0.09%)(+15.71%)(+12.38%)(+8.83%)(+8.52%)(+8.41%)(-11.99%)(-11.80%)(-11.34%)(-10.14%)(-9.94%)(+1.71%)(+29.60%)(+19.14%)(+0.91%)(+5.58%)(-7.08%)(-10.03%)(-10.46%)(-0.45%)(-2.47%)
,,
,241.32,(+0.72%)
,241.32,(+0.72%)
,,
,,
,,
,,
,,
,,
,"6,046.5644,745.8719,438.692,422.3969.872,670.5062.7470.3155.7023.79114.1272.8357.1237.6020.336.8341.81139.2522.5869.984.720169.994.710023.5770.145.45",(-0.01%)(-0.08%)(+0.18%)(-0.48%)(+2.60%)(+0.45%)(+56.13%)(+47.09%)(+15.34%)(+14.30%)(+10.38%)(-14.46%)(-9.25%)(-8.18%)(-8.54%)(-6.44%)(-0.45%)(+0.45%)(-5.64%)(+5.40%)(+7.26%)(+5.42%)(+7.05%)(+3.81%)(+46.74%)(+189.89%)
,,
,,
,172.87,(-0.07%)
,172.87,(-0.07%)
,,
,,
,,
,,
,,
,,
,"6,046.7044,747.8419,439.722,422.1069.902,670.9062.5870.3755.6823.73114.3472.5257.1237.6020.456.8041.49139.2122.6969.984.750069.984.710023.5770.255.48",(-0.01%)(-0.08%)(+0.18%)(-0.49%)(+2.64%)(+0.47%)(+55.74%)(+47.22%)(+15.30%)(+14.05%)(+10.59%)(-14.82%)(-9.25%)(-8.19%)(-8.04%)(-6.83%)(-1.21%)(+0.41%)(-5.19%)(+5.40%)(+7.95%)(+5.40%)(+7.05%)(+3.81%)(+46.96%)(+191.49%)
,,
,,
,213.70,(+1.42%)
,213.70,(+1.42%)
,,
,,
,,
,,
,,
,,
,"6,046.7144,746.7219,439.652,422.1469.922,670.6063.4070.3755.6923.74114.2372.7557.1137.6020.436.8441.58139.2722.6269.974.758869.984.712923.5770.265.41",(-0.01%)(-0.08%)(+0.18%)(-0.49%)(+2.67%)(+0.46%)(+57.98%)(+47.22%)(+15.31%)(+14.08%)(+10.48%)(-14.55%)(-9.27%)(-8.18%)(-8.10%)(-6.37%)(-1.01%)(+0.46%)(-5.50%)(+5.39%)(+8.15%)(+5.40%)(+7.12%)(+3.81%)(+46.99%)(+189.76%)
,,
,,
